food,protein
치즈크러스트 디핑소스,0.0
체리콕,0.01
라임에이드,0.02
핫소스,0.03
깔라만시에이드,0.05
블루레몬에이드,0.06
레몬에이드,0.07
아이스 상그리아 티,0.08
망고주스,0.09
리치 레드 아이스 티(ICED),0.1
폭탄에이드,0.11
아메리카노,0.12
유자티,0.13
무말랭이 김치,0.14
헤이즐넛 아메리카노,0.17
더치 아메리카노,0.18
메가에이드 레몬+자몽+라임,0.19
케냐 니에리,0.2
자몽모히또 (무알콜),0.23
유자레이드,0.25
무짠지,0.27
아메리카노 HOT,0.28
도토리묵,0.29
블루베리 솔베,0.3
자몽에이드,0.31
헤이즐넛아메리카노HOT,0.32
헤이즐넛아메리카노ICE,0.33
비타 오이 물김치,0.34
후레쉬 에이드 자몽 tall,0.35
오이지,0.37
유자차,0.38
망고 솔베,0.4
깻잎장아찌,0.41
아이스 티 복숭아 tall,0.42
무장아찌,0.44
후레쉬 에이드 자몽 grande,0.45
나박김치,0.46
허니자몽블랙티,0.48
고구마줄기나물무침,0.49
단무지무침,0.5
허니자몽블랙티,0.51
레몬티,0.52
후레쉬 에이드 망고 venti,0.55
양념멸치젓,0.57
동치미,0.58
미역초무침,0.59
수정과,0.6
레몬티,0.61
블루레몬 에이드 grande,0.62
곤약 감자조림,0.64
골드 추가(R),0.65
아이스 홍시 tall,0.66
배추김치,0.68
산자,0.69
자두 에이드,0.7
가지나물무침,0.71
열무김치,0.72
아이스 티 복숭아 venti,0.74
망고스무디,0.75
파김치,0.77
깍두기,0.78
양파볶음,0.79
에스프레소 도피오,0.8
마늘쫑무침,0.82
돌나물무침,0.83
유과,0.84
카페모카,0.86
오이생채,0.89
살구 에이드,0.9
고구마 김치,0.91
백김치,0.92
해초무침,0.95
오이지무침,0.96
민트프라페,0.97
총각김치,0.98
간장마늘쫑장아찌,1.0
더치 라떼,1.01
미나리나물,1.02
갓김치,1.03
망고바나나,1.06
열무얼갈이김치,1.07
딸기주스 R,1.1
숙주나물무침,1.11
미역 미소국,1.12
유부 우엉 잡채,1.13
배추겉절이,1.14
헤이즐넛 라떼,1.17
미나리무침,1.18
고추장아찌,1.19
아메리카노L,1.2
비름나물 된장무침,1.21
자몽에이드,1.23
고구마라떼,1.24
민트크림초코,1.25
약과,1.26
얼갈이배추김치,1.27
국내산 과일주스 딸기 grande,1.29
고추장마늘쫑장아찌,1.3
미역오이냉국,1.31
제주도 빙떡 & 귤간장소스,1.33
카푸치노,1.34
딸기라떼,1.36
취나물,1.37
김치볶음,1.38
밀크폼 블랙티 (ice)L,1.4
호박잎된장국,1.41
일본된장국,1.42
오이김치,1.44
초코바나나,1.45
초코라떼,1.46
오이냉국,1.47
모카프라페,1.49
블루베리 라떼,1.5
폭탄초코,1.51
프리미엄 스무디 유자 tall,1.52
쿠키프라페,1.53
녹차프라페,1.55
고들빼기,1.58
녹차라떼,1.59
허니 레몬,1.6
배추나물무침,1.61
오곡라떼,1.65
톳나물무침,1.68
딸기주스 L,1.7
삼색나물 & 토마토양념장,1.71
딸기요거트,1.73
커피프라페,1.75
미니 허니브레드 _ 카라멜,1.77
밀크폼 블랙티 (ice)J,1.8
건취나물무침,1.81
양파부추무침,1.83
도토리묵 무침,1.85
채소샐러드,1.86
시금치나물무침,1.87
고사리나물무침,1.89
청도 홍시 라떼,1.9
콩나물무침,1.93
두릅초고추장무침,1.94
오이부추무침,1.95
보쌈김치,1.97
머위대나물무침,1.98
불고기(나폴리M),2.0
미니 허니브레드 _ 플레인,2.01
카라멜마끼아또,2.02
미니 허니브레드 _ 초코,2.03
콜라비 깍두기,2.07
화이트 초코렛+레인보우 토핑콘,2.1
삼색 꽃 화전,2.11
플레인요거트,2.16
딸기주스,2.2
단호박샐러드,2.22
매작과,2.25
참나물무침,2.26
프리미엄 스무디 유자 grande,2.28
이탈리안샐러드,2.29
식혜,2.3
다시마무침,2.31
재첩국,2.33
상추겉절이,2.36
풋고추된장무침,2.37
망고 요거트,2.4
양송이스프,2.41
민들레잎무침,2.42
송화다식,2.49
아이스 홍차 라떼,2.5
크리스피감자,2.51
단호박 마전,2.53
사과파이,2.54
미역국,2.58
노각무침,2.6
감자채소볶음,2.65
프리미엄 요거트 스무디 grande,2.7
고구마튀김,2.72
프리미엄 스무디 유자 venti,2.74
쥐치채,2.75
홍합무국,2.76
비름나물무침,2.77
미소된장국,2.8
청포묵무침,2.9
단호박견과류샐러드,2.91
콩나물국,2.95
김말이튀김,2.97
그뤼에르 퐁듀소스,3.0
냉이나물무침,3.01
브로콜리견과류볶음,3.03
더덕구이,3.1
옥수수샐러드,3.13
에스프레소 탐앤치노 tall,3.16
증편,3.17
솔티드 카라멜,3.2
채소튀김,3.25
찹쌀떡,3.26
김치콩나물국,3.27
고추조림,3.3
찐고구마,3.34
쑥떡,3.36
파무침,3.38
무조림,3.39
홍차라떼,3.4
새송이버섯구이,3.43
시나몬 모카 탐앤치노 tall,3.45
표고버섯구이,3.47
씀바귀나물무침,3.48
근대된장국,3.49
머위나물볶음,3.5
경단(콩),3.51
열무나물무침,3.52
무지개떡,3.53
콩나물고춧가루무침,3.54
탕평채,3.55
채소전,3.57
감잣국,3.59
바닐라 빈,3.6
아카시아 꿀차 tall,3.63
절편,3.64
고추장불고기 삼각김밥,3.66
홍시 스무디 tall,3.69
바나나 속 초코칩,3.7
백설기,3.71
달걀국,3.73
녹차프라페,3.74
땅콩조림,3.75
팥시루떡,3.77
스트라치아텔라,3.8
단호박 생선탕수 & 키위소스,3.85
호박부침개,3.9
가래떡,3.92
바지락맑은국,3.93
참치마요네즈 삼각김밥,3.94
고춧잎나물무침,3.97
브로콜리볶음,3.98
메밀묵국,3.99
달래나물무침,4.0
에스프레소 탐앤치노 grande,4.01
더덕장아찌,4.02
그린민트 모카 탐앤치노 tall,4.03
마늘쫑조림,4.04
유니콘프라페,4.06
시금치된장국,4.07
오징어채볶음,4.09
리코타,4.1
느타리버섯무침,4.11
버섯구이,4.13
풋마늘무침,4.14
헤이즐넛 초코렛,4.2
약식,4.21
다시마튀각,4.22
더덕무침,4.3
찐감자,4.32
감자된장국,4.34
시나몬 모카 탐앤치노 grande,4.35
마스카포네치즈,4.4
흑임자죽,4.41
햄 김치찌개,4.42
콩나물잡채,4.43
경단(깨),4.44
도넛,4.48
쑥갓나물무침,4.5
모카 탐앤치노 tall,4.54
마늘쫑볶음,4.55
다크초코 라떼,4.6
츄러스,4.62
토란대나물무침,4.63
멸치풋고추볶음,4.65
가죽나물무침,4.66
알록달록화전 & 멸치두부전,4.67
티라미수 케잌,4.7
피조개무침,4.71
바닐라 탐앤치노 grande,4.72
어묵김치찌개,4.74
아이스 에스프레소 토피넛라떼 R,4.8
쏘야그라탕(소세지야채),4.82
에스프레소 탐앤치노 venti,4.86
쑥된장국,4.88
못난이찹쌀팥도넛,4.9
버터크림빵,4.91
송편(깨),4.92
대합미역국,4.93
그린 티 탐앤치노 tall,4.96
어니언링,5.0
그린민트 모카 탐앤치노 grande,5.05
팥찹쌀떡,5.06
과일먹은 닭탕수,5.07
아이스 카푸치노,5.1
만주,5.13
배추전,5.17
민트 초콜릿 라떼,5.2
캬라멜 마끼아또 tall (iced),5.21
무시래기된장국,5.22
송편(콩),5.24
시나몬 모카 탐앤치노 venti,5.25
아이스 화이트모카,5.3
초콜릿케이크,5.31
민트프라페,5.33
굴무침,5.34
김칫국,5.36
콩조림,5.39
김치국,5.4
기피편,5.45
시루떡,5.47
밀크티 로열 tall (hot),5.49
카라멜 마끼아또 R,5.5
시나몬 초콜릿 탐앤치노 tall,5.55
호박찌개,5.6
인절미,5.64
라볶이,5.66
아카시아 꿀차 venti,5.67
아이스 바닐라 카페라떼,5.7
수수부꾸미,5.73
바닐라 탐앤치노 venti,5.74
양미리조림,5.76
레드벨벳 요거트 롤,5.78
소보로빵,5.79
아이스 카라멜마끼아또,5.8
민트카페모카ICE,5.81
페이스트리,5.82
꽈배기,5.83
배추된장국,5.85
완두콩밥,5.89
아이스 초코 라떼 R,5.9
미니브라우니,5.92
순두부김치찌개,5.95
모카 탐앤치노 grande,5.96
페이스트리빵,5.99
스파이시 포테이토,6.0
딸기바나나,6.01
마늘빵,6.03
순대,6.04
그린민트 모카 탐앤치노 venti,6.07
무된장국,6.1
호박오가리나물무침,6.14
마늘장아찌,6.15
그린민트 초콜릿 탐앤치노 tall,6.16
메밀전병,6.18
두부해물완자,6.19
해파리냉채,6.2
순두부달걀탕,6.23
채소떡볶이,6.24
미역된장국,6.25
참깨경단,6.28
아이스 카페라떼,6.3
곰보빵,6.31
캬라멜 마끼아또 tall (hot),6.35
그린 티 탐앤치노 grande,6.36
시나몬 카페모카 tall (iced),6.37
캬라멜 탐앤치노 venti,6.38
아이스 모카 블렌디모,6.4
망고요거트스무디ICE,6.45
카페모카ICE,6.47
호박전,6.48
소고기 무국,6.49
리얼프리미엄 바닐라 R,6.5
카페모카 tall (iced),6.52
흑미밥,6.53
어묵잡채,6.55
팥밥,6.56
버섯조림,6.57
카라멜마끼아또ICE,6.58
더치 오션,6.6
미역튀각,6.62
모닝빵,6.65
그린티 롤,6.67
쿠키프라페,6.68
시래기된장국,6.7
채소죽,6.75
된장찌개,6.76
모듬찰떡,6.78
군고구마 라떼 tall (iced),6.79
도토리묵말이,6.8
치즈스틱,6.81
감자튀김,6.82
파전,6.83
캬라멜 마끼아또 grande (iced),6.84
냉이된장국,6.85
기장밥,6.87
아이스 바닐라라떼 마끼아또L,6.9
부추전,6.95
자바 칩 탐앤치노 tall,6.99
맵고달고 (씬),7.0
카스텔라,7.02
시나몬 초콜릿  탐앤치노 grande,7.05
골뱅이무침,7.08
아포가토,7.1
채소고로케,7.13
현미밥,7.14
딸기요거트스무디ICE,7.16
밀크티 로열 grande (hot),7.17
핫초코,7.2
치즈케이크,7.23
전복죽,7.27
카푸치노HOT,7.29
화이트 모카 R,7.3
무밥,7.33
쇠고기배춧국,7.34
채소샌드위치,7.35
롤케이크,7.36
모카 탐앤치노 venti,7.38
플레인 요거트 쉐이크,7.4
쇠고기미역국,7.42
머핀,7.45
깻잎나물볶음,7.5
시나몬 초콜릿 tall (iced),7.57
김치전,7.58
채소 초밥,7.59
고추튀김,7.6
소탕,7.66
콩나물된장찌개,7.69
카페모카,7.7
쑥절편,7.72
녹두시루떡,7.74
그린 티 탐앤치노 venti,7.76
밀크티 로열 grande (iced),7.77
초콜릿 쿠키 젤라또 프라페노,7.8
캬라멜 마끼아또 venti (iced),7.84
그린민트 초콜릿 탐앤치노 grande,7.85
플레인 요거트 스무디 tall,7.87
밀크레이프,7.88
딸기&피스타치오 메리 스노우 빙수,7.9
녹두빈대떡,7.94
트러플 리조또,8.0
그린민트 초콜릿 tall (iced),8.01
메리마카롱 딸기,8.1
호떡,8.11
소고기메추리알장조림,8.14
플레인 요거트 스무디,8.2
핫 초콜릿 tall (iced),8.22
오징어찌개,8.24
해물파전,8.25
우거지곰탕,8.29
맑은감자국,8.3
건새우볶음,8.31
카페라떼ICE,8.33
돼지고기메추리알장조림,8.34
해물된장국,8.38
쿠키&크림 번버거,8.4
볶음우동,8.41
김치전골,8.43
돼지고기김치찌개,8.49
블루스노우모카 R,8.5
그린민트 카페모카 grande (iced),8.53
시나몬 초콜릿 탐앤치노 venti,8.55
캬라멜 마끼아또 grande (hot),8.58
초코 라떼 R,8.6
쇠고기죽,8.62
조개된장찌개,8.63
딸퐁 요거트 프로스트 L,8.7
식빵토스트,8.78
딸기 요거트 스무디,8.8
플레인요거트스무디ICE,8.81
새우링 8ea,8.84
밀크티 로열 venti (hot),8.85
시나몬 카페모카 grande (iced),8.86
참치 두부 함박스테이크,8.89
망고빙수,8.9
플레인 퐁크러쉬,8.93
딸기 퐁크러쉬,8.97
멸치주먹밥,9.0
카페라떼HOT,9.03
스트로베리치즈홀릭,9.05
검정콩밥,9.06
자바 칩 탐앤치노 grande,9.08
그린민트 카페모카 tall (hot),9.09
화이트 모카 L,9.1
망고젤빙,9.16
그린라떼 tall (hot),9.2
카페모카 grande (iced),9.21
시나몬 카페모카 tall (hot),9.24
메리마카롱 카라멜,9.3
식빵,9.34
바나나 퐁크러쉬,9.36
티라미수 번버거 + 아메리카노 SET,9.4
잡채,9.41
달걀프라이,9.44
밀크티 로열 venti (iced),9.45
그린민트 초콜릿 탐앤치노 venti,9.47
라면,9.48
민트모카,9.5
쇠고기주먹밥,9.52
그린민트 카페모카 venti (iced),9.55
바닐라 라떼 grande (hot),9.6
샐러드김밥,9.62
동태국,9.66
아이스 민트모카 L,9.7
새우필라프,9.72
군고구마 라떼 tall (hot),9.79
고구마 프로스트 L,9.8
달걀장조림,9.85
자바칩모카 프로스트 L,9.9
일본식 계란말이,9.95
달걀찜(새우젓),9.96
매생이국,10.0
토피넛라떼,10.03
청국장찌개,10.06
표고버섯볶음밥,10.09
홍차라떼 L,10.1
카페모카 venti (iced),10.11
티라미수라떼HOT,10.18
카페라떼 grande (hot),10.2
초코바나나,10.22
그린민트 초콜릿 tall (hot),10.28
플레인 요거트 스무디 grande,10.29
곤드레나물밥,10.3
콩나물된장국,10.31
시나몬 카페모카 venti (iced),10.36
아이스 초콜릿 블렌디모,10.4
쇠고기장조림,10.41
시나몬 초콜릿 tall (hot),10.44
딥모카 카페라떼 (hot)L,10.5
버섯전,10.52
큐브라떼ICE,10.58
잡곡밥,10.59
굴전,10.6
참치볶음밥,10.63
딸기탑 마마츄리,10.7
닭가슴살샐러드,10.75
참치김치찌개,10.76
핫 초콜릿 tall (hot),10.79
리코타 딸기 샌디,10.8
카페모카HOT,10.85
미꾸라지튀김,10.89
초코눈꽃빙수,10.9
민트카페모카HOT,10.91
두부부침,10.92
시나몬 초콜릿 grande (iced),10.96
메밀국수,10.98
고추잡채,10.99
우리 고구마(나폴리M),11.0
굴무생채,11.04
우거지된장국,11.08
그린민트 카페모카 grande (hot),11.09
햄김치찌개,11.1
시나몬 카페모카 grande (hot),11.12
꽃게탕,11.13
김밥,11.14
올갱이국수,11.2
떡라면,11.21
그린민트 초콜릿 grande (iced),11.22
고등어조림,11.25
크로아상,11.28
햄부침,11.3
추어탕,11.33
콩나물국밥,11.34
월넛치노 tall,11.35
로즈힙 밀크티 HOT,11.4
불고기필라프,11.42
카페모카 tall (hot),11.49
짱뚱어탕,11.5
묵은지삼겹살볶음,11.52
낙지볶음,11.53
닭꼬치,11.56
자바칩 프로스트 L,11.6
김치김밥,11.61
돈수육 & 해물냉채,11.62
어묵조림,11.65
마파두부,11.67
캬라멜 마끼아또 venti (hot),11.68
쇠고기 메추리알 장조림,11.69
핫 초콜릿 grande (iced),11.71
오징어채조림,11.76
어묵볶음,11.78
플레인 에그디쉬,11.8
꽈리고추멸치볶음,11.81
참치마요삼각김밥,11.86
우거지해장국,11.9
오곡밥,11.95
더블크러스트 이베리코(더블 크러스트 M),12.0
영양돌솥밥,12.02
굴무국,12.04
카페모카 grande (hot),12.07
그린라떼 grande (hot),12.1
플레인 요거트 스무디 venti,12.11
잔멸치견과류볶음,12.17
소시지 치즈 롤,12.2
동태찌개,12.22
채소볶음밥,12.26
핫치킨 치즈링피자 L,12.3
캘리포니아롤,12.33
고구마 무스(R),12.35
알리오올리오파스타,12.38
잔멸치꽈리고추볶음,12.39
슈크림 브레드,12.4
병어조림,12.46
참꼬막,12.47
밀크팥 젤빙,12.57
퓨전떡갈비,12.58
연유라떼HOT,12.64
팥죽,12.69
어탕,12.7
햄달걀부침,12.71
갈치조림,12.72
두부쇠고기고추장찌개,12.77
콘 소시지,12.8
모카빵,12.82
그린민트 초콜릿 venti (iced),12.84
채소김밥,12.89
냉김치말이국수,12.9
고추전,12.91
찐빵,12.98
스크램블드에그,12.99
글램핑 바비큐(씬 M),13.0
쥐포조림,13.03
치즈베리 젤빙,13.04
시나몬 초콜릿 venti (iced),13.06
핫치킨&쉬림프 골드피자 L,13.1
닭가슴살피망볶음,13.11
낙지꼬지,13.14
갈치찌개,13.17
그린민트 초콜릿 grande (hot),13.18
시나몬 초콜릿 grande (hot),13.22
새우탕수육,13.29
목우촌미트 피자,13.3
해물콩나물찜,13.33
애호박된장국,13.35
월넛치노 grande,13.36
우동(일식),13.39
쿠앤크눈꽃빙수(우유),13.4
아귀찜,13.44
오곡라떼 L,13.5
잔치국수,13.53
버섯샤브샤브,13.57
화양적,13.58
버팔로윙데리야끼,13.59
달달하구마빙수,13.6
깨죽,13.66
올갱이국,13.7
한치초밥,13.71
물냉면,13.75
김치라면,13.8
유린기,13.86
칠리치즈 포테이토 L,13.9
핫 초콜릿 grande (hot),13.97
양념갈치젓,13.98
리얼불고기(오리지널 L),14.0
핫 초콜릿 venti (iced),14.01
오징어채소무침,14.04
콤비네이션 피자(R),14.06
순댓국,14.1
잔멸치풋고추볶음,14.12
고추김밥,14.14
소고기무국,14.2
메추리알 장조림,14.25
우동(일식),14.27
팥빙수,14.29
오리지널 핫도그,14.3
오곡바나나,14.31
달걀라면,14.36
버팔로윙오리지날,14.38
쿠앤크눈꽃빙수(일반),14.4
새우튀김롤,14.47
레드핫치킨 피자,14.5
그린민트 카페모카 venti (hot),14.51
페퍼소시지,14.6
문어초밥,14.61
소고기 가라아게 & 칠리소스,14.66
버섯찌개,14.7
까브로나라파스타,14.71
시나몬 카페모카 venti (hot),14.72
코다리 뿌리채소 들깨탕,14.75
포테이토 피자(R),14.77
묵밥,14.8
월남쌈,14.86
캐시미어 초코 L,14.9
카레라이스,14.94
맛살전,14.95
콩나물밥,14.98
불고기 피자(L),14.99
열무김치국수,15.0
비빔국수,15.06
김치찌개,15.07
곡물라떼HOT,15.16
표고버섯전,15.19
클래식 마롱 와플,15.2
자장밥,15.24
바이트 추가 점보,15.26
월넛치노 venti,15.37
깐풍 피자(R),15.38
버섯전골,15.43
군만두,15.46
꽁치조림,15.52
김치우동,15.55
북엇국,15.56
돼지고기장조림,15.58
쌀국수,15.6
알밥,15.61
불고기 피자(R),15.76
쇠머리국밥,15.83
날치알김밥,15.86
삼치조림,15.88
건갈치조림,15.93
소고기김밥,15.98
글램핑 바비큐(나폴리L),16.0
양장피,16.05
쉬림프디럭스 피자,16.1
짜장면,16.15
쇠고기김밥,16.16
새우젓두부찌개,16.2
육개장,16.21
참치샐러드,16.23
달걀찜(우유),16.45
코다리조림,16.46
백합죽,16.5
장어초밥,16.52
유산슬,16.58
멍게비빔밥,16.6
돼지곱창순대볶음,16.64
어니언링 핫도그,16.7
고구마 피자(R),16.71
치즈라면,16.8
치즈김밥,16.86
오리불고기,16.87
리얼프리미엄 초코 L,16.9
글램핑 바비큐(오리지널 L),17.0
카라멜브레드,17.1
스테이크 불갈비 피자(R),17.11
쇠고기된장찌개,17.12
쉬림프 깐풍 피자(R),17.18
클래식 블루베리 와플,17.2
달걀말이,17.21
계란볶음밥,17.22
인절미눈꽃빙수,17.3
오징어산적,17.37
농어초밥,17.43
순살치킨앤프라이,17.46
참치김밥,17.5
쉬림프 도리아,17.54
김치볶음밥,17.56
둘깨칼국수,17.6
두부애호박된장찌개,17.61
깐풍텐더,17.68
치킨텐더,17.7
시나몬 초콜릿 venti (hot),17.72
깻잎전,17.74
홍합산적,17.78
그린민트 초콜릿 venti (hot),17.8
홍어무침,17.85
닭곰탕,17.88
게살죽,17.9
소라산적,17.92
리얼불고기 더블치즈엣지(오리지널 M),18.0
치킨텐더,18.05
치킨 텐더 피자(R),18.11
이탈리안 에그디쉬,18.2
송이덮밥,18.21
주꾸미볶음,18.33
부대찌개,18.4
돈까스김밥,18.45
물만두,18.53
오징어튀김,18.56
연어롤,18.57
시푸드 리얼 시카고(L),18.69
소고기버섯죽,18.75
돼지고기찌개,18.76
소세지볶음,18.8
불고기 피자 바이트(L),18.81
핫 초콜릿 venti (hot),18.87
연어초밥,18.88
깐풍기,18.89
롱치즈스틱 3ea,18.94
글램핑 바비큐(슈퍼시드 함유 도우L),19.0
만두,19.05
스테이크 불갈비 피자(L),19.06
육회비빔밥,19.16
닭개장,19.17
잣죽,19.18
실크 팥 빙수,19.2
꽁치김치찌개,19.27
곰탕,19.4
두부김치,19.47
돼지갈비,19.5
오일소스스파게티,19.56
동그랑땡(육원전),19.62
크림쉬림프피자(L),19.63
오징어볶음,19.69
홍합미역국,19.7
멸치볶음,19.72
쇠고기볶음밥,19.74
자장면,19.77
고르곤졸라 포테이토 L,19.8
새우볶음,19.81
장어고추장구이,19.82
몬스터 포테이토 피자(R),19.86
허니브레드,19.9
막국수,20.0
두부고추장찌개,20.04
떡만둣국,20.06
돼지고기 메추리알 장조림,20.07
짜장밥,20.08
플레인와플&젤라또,20.2
회무침,20.22
치즈마떡,20.23
어죽,20.4
양념게장,20.45
두부전,20.46
허니치즈퐁당마마츄리,20.5
곰탕,20.57
낙지덮밥,20.58
젤라또 쉐이크,20.6
햄치즈 피아디나,20.61
라조기,20.66
순대볶음,20.7
콤비네이션 피자(R),20.71
북어조림,20.83
열무냉면,20.84
BLT샌드위치,20.9
문어밤 슈림프(오리지널 L),21.0
햄치즈샌드위치,21.15
골드 추가 라지,21.17
떡만두국,21.18
블루베리치즈빙수,21.2
짬뽕라면,21.3
콤비네이션피자,21.35
포테이토 피자(R),21.42
만둣국,21.43
난자완스,21.63
맵신 피자(R),21.64
쥐포구이,21.67
쇠갈비찜,21.75
크림소스스파게티,21.79
소고기국밥,21.8
잔멸치볶음,21.82
문어고추장볶음,21.93
바지락조개국,22.0
깐풍 피자(R),22.03
달콤포테이토 피자(L),22.09
핫윙,22.1
잡채밥,22.11
사골국,22.25
짬뽕,22.3
불닭피자 피자(L),22.31
간자장,22.33
불고기 피자(R),22.41
골드 불고기 피자(L),22.47
꼬리곰탕,22.51
김치만두,22.53
몬스터 콤비네이션 피자(R),22.58
서대회무침,22.6
동태전,22.64
추어탕,22.7
고구마 오븐 스파게티,22.74
페파로니 피자(R),22.76
닭고추장조림,22.79
해물칼국수,22.8
스테이크 불갈비 피자 바이트(L),22.88
해물완자전,22.92
돼지고기볶음,22.96
BBQ리얼 시카고(L),22.98
리얼불고기(나폴리M),23.0
점보 콤비네이션피자(L),23.01
갈비치킨피자(L),23.02
햄채소볶음,23.04
칼국수,23.09
선짓국(선지해장국),23.18
참치샌드위치,23.3
새우볶음밥,23.33
고구마 피자(R),23.36
충무김밥,23.42
쇠고기전골,23.66
닭강정,23.68
스테이크 불갈비 피자(R),23.77
소시지볶음,23.88
꽁치찌개,24.0
떡국,24.01
바지락칼국수,24.04
뱅어포구이,24.06
페파로니 피자(L),24.12
참치죽,24.19
함박스테이크,24.2
몬스터 불고기 피자(R),24.26
생선까스,24.33
토마토소스스파게티,24.35
고구마 피자(L),24.41
황태해장국,24.5
우렁된장국,24.6
칠리치즈 포테이토 피자(L),24.67
그릴윙봉,24.7
치킨 텐더 피자(R),24.76
쉬림프 깐풍 피자(R),24.78
치즈불고기 핫도그,24.8
오징어조림,24.82
치킨버거,24.86
반달피자(L),24.88
글램핑 바비큐 더블치즈엣지(오리지널 L),25.0
몬스터 고구마 피자(R),25.09
해물볶음밥,25.1
몽뻬르 피자(L),25.27
생선초밥(모듬),25.42
새우튀김,25.52
뼈해장국,25.55
간짜장,25.59
오삼불고기,25.6
맵신피자(L),25.62
콤비네이션 피자(L),25.64
마떡,25.65
햄버거,25.69
치즈 핵폭탄 피자(L),25.7
가자미전,25.76
돼지껍데기볶음,25.8
새우탕,25.84
오징어덮밥,25.85
오므라이스,25.98
붕장어소금구이,26.0
햄구이,26.02
가오리회무침,26.07
사골만두국,26.19
갈릭치즈브레드,26.2
삼선볶음밥,26.24
참치 샌드위치,26.34
불고기덮밥,26.39
골드 스테이크 불갈비 피자(L),26.55
쇠고기버섯볶음,26.66
치킨텐더 L,26.7
전복탕,26.8
콩비지찌개,26.95
햄버그스테이크,26.96
이탈리안 치즈 피자(R),26.98
오리지날 윙 4조각,27.0
닭조림,27.05
생선초밥(광어),27.07
양념왕갈비,27.1
우삼겹피자(L),27.16
탕수육,27.21
고기만두,27.23
팔보채,27.33
불고기피자,27.4
밀크티,27.5
몬스터 불고기 피자(L),27.54
국밥,27.6
치킨 텐더 피자(L),27.61
슈퍼콤비네이션피자,27.62
몬스터 하와이안 쉬림프 피자(R),27.69
가자미식해,27.73
불고기버거,27.76
치킨까스,27.91
페파로니 피자 바이트(L),27.94
해물토마토소스스파게티,27.97
포테이토피자,28.0
굴비구이,28.02
런천미트구이,28.09
북어찜,28.1
소시지튀김,28.13
도이치 소시지 피자(L),28.19
고구마 피자 바이트(L),28.23
맵신 피자(R),28.29
비빔냉면,28.33
새우링 4ea,28.41
몬스터 콤비네이션 피자(L),28.42
순대국밥,28.56
메기매운탕,28.6
고구마피자,28.78
짬뽕밥,28.81
칠리치즈 포테이토 피자(L),28.87
햄앤체다피자,28.88
코다리찜,28.97
치즈가든(오리지널 L),29.0
회냉면,29.04
해물매운탕,29.07
치킨텐더 10조각,29.09
소고기샤브샤브,29.1
참치덮밥,29.2
포테이토 피자 바이트(L),29.24
몬스터 고구마 피자(L),29.36
페퍼로니피자,29.4
맵신피자 바이트(L),29.44
우동(중식),29.45
고등어튀김,29.46
몬스터 하와이안 쉬림프 피자(L),29.48
돼지고기완자전,29.56
돼지불고기,29.71
나폴리슈림프피자,29.73
밴댕이무침,29.8
골드 추가 점보,29.94
참치완자전,29.99
시카고딥 노엣지R,30.0
쟁반국수,30.05
장어덮밥,30.09
후라이드 치킨(R),30.18
회덮밥,30.21
부라타치즈피자,30.25
닭고기대파꼬치구이,30.34
제육볶음,30.37
해물크림소스스파게티,30.39
양념장어구이,30.77
비빔밥,30.89
케이준 오븐 스파게티,30.93
불고기피자,30.94
치즈블라썸 스테이크 노엣지 R,31.0
콩국수,31.2
몬스터 포테이토 피자(L),31.25
키조개구이,31.38
치즈피자,31.4
치킨 텐더 피자 바이트(L),31.43
죽순쇠고기볶음,31.46
깐풍 피자(L),31.59
골드 페파로니 피자(L),31.61
쉬림프 깐풍 피자(L),31.7
치폴레 스테이크 피자(L),31.78
골드 고구마 피자(L),31.9
대구포,31.97
슈퍼디럭스(오리지널 L),32.0
깐풍 피자 바이트(L),32.24
쇠고기 샤브샤브,32.27
피넛버터브레드,32.6
2019 곡물 팥빙수,32.7
쇠불고기,32.82
굴짬뽕,32.87
골드 포테이토 피자(L),32.91
등심돈가스,32.99
웨지포테이토 소보로 L,33.0
하와이안피자,33.08
골드 맵신피자(L),33.11
골드 콤비네이션 피자(L),33.12
몬스터 이탈리안 피자(L),33.17
쇠고기볶음,33.24
안심돈가스,33.28
감자탕,33.43
꿩불고기,33.5
삼선자장면,33.64
등심돈까스,33.75
베이컨포테이토피자,33.81
제주흑도새기 노엣지 R,34.0
생선물회,34.3
닭날개튀김,34.34
불고기,34.4
장어탕,34.53
청양페파로니피자,34.6
조기구이,34.8
막국수,34.81
내장탕,34.9
스파이시쉬림프 크러스트 L,35.0
고르곤졸라피자,35.01
조기매운탕,35.1
부대찌개,35.16
하와이안 쉬림프 피자(L),35.29
페파로니,35.32
후라이드치킨,35.47
양념치킨,35.5
닭볶음탕,35.74
골드 깐풍 피자(L),35.9
옥수수 버터구이(6개),36.0
쇠고기사태찜,36.3
골드 이탈리안 치즈 피자(L),36.46
미트볼 토마토 스파게티,36.7
생선모듬초밥,36.71
콜드프리미엄불고기 XL,37.0
가자미조림,37.1
모듬회덮밥,37.32
클래식치즈피자,37.38
가자미구이,37.4
울면,37.46
간장양념닭다리튀김,37.71
아구탕,37.8
기스면,37.82
시저치킨랩,38.0
돼지고기채소볶음,38.12
해물볶음,38.2
초콜릿브레드,38.4
치킨텐더 8조각,39.0
치킨텐더 6조각,39.03
하와이안 쉬림프 피자 바이트(L),39.1
골드 쉬림프 깐풍 피자(L),39.19
오징어무침,39.45
삼선짬뽕,39.63
해물탕,39.8
돼지갈비찜,39.86
닭발구이,39.92
스파이시 튜나 바게트,40.0
크레이지 불새 피자(L),40.16
이탈리안 치즈 피자 바이트(L),40.28
동태조림,40.8
멸치조림,40.92
레드 벨벳,41.0
조기조림,41.1
리얼 시카고 오리지널 피자(L),41.32
매운 치킨(L),41.4
소곱창전골,41.6
복지리탕,41.7
도가니탕,41.76
닭볶음,41.93
프레시 코울슬로,42.0
치즈돈가스,42.02
해물덮밥,42.04
새우구이,42.13
닭칼국수,42.2
굴국밥,42.4
해물찜,42.6
로스트 윙/봉 10조각,42.72
떡갈비,42.76
골드 하와이언 쉬림프 피자(L),42.77
삼치구이,42.83
홈샐바세트,43.0
훈제오리,43.06
갈치구이,43.07
오징어물회,43.3
가오리찜,43.98
불고기베이크,44.0
잡탕밥,44.12
제육덮밥,44.3
게국지,44.9
핫윙(8ea),45.0
삼겹살구이,45.11
이탈리안 치즈 피자(R),45.4
닭갈비,45.5
오징어순대,45.7
닭갈비,45.9
통모짜X,46.0
고등어석쇠구이,46.75
바이트 추가 라지,46.93
치즈스틱,47.0
베이크 치킨,47.17
고등어구이,47.65
황태구이,47.8
참치머리구이,47.81
삼선우동,47.94
치킨윙,48.0
오리고기구이,48.12
아구찜,48.3
소고기산적,48.41
로스트 윙/봉 6조각,48.48
닭곰탕,48.8
고등어찌개,48.9
햄&치즈 퀘사디아,49.0
초당순두부,49.1
선지해장국,49.3
꽁치구이,49.36
치즈크러스트 추가 라지,49.4
돼지고기산적,49.41
소갈비찜,49.86
치즈 요거트 빙수,50.0
동태찜,50.9
베이컨포테이토 바이트 L,51.0
대구찜,51.7
더블해쉬불고기,52.0
우럭매운탕,52.15
리치골드브레드,53.0
임연수구이,53.8
오리지날 윙 8조각,54.0
곰치국,54.3
스파이시윙 8조각,55.0
까망베르 치즈,56.0
치킨데리야끼,56.23
오리탕,56.99
치즈스틱(7pcs),57.0
대구매운탕,57.36
베이크윙(8ea),58.0
광어매운탕,58.42
바삭킹(8조각),59.0
돼지고기 수육,59.65
버팔로스틱-핫윙(7pcs),60.0
소양념갈비구이,60.1
돼지머리국밥,60.34
등심스테이크,60.44
블랙 벨벳,61.0
매운갈비찜,61.3
버팔로윙 4조각,62.0
올리브 치킨 파니니,64.0
퀸즈 캐롯,65.0
족발,65.09
닭튀김,65.2
아구찜,65.4
간장 치킨(L),65.9
돼지국밥,66.4
간장양념닭다리구이,68.9
안심스테이크,69.63
뉴욕 치즈,70.0
마스카포네 티라미수,71.0
구운닭 set box,71.2
돼지등갈비찜,72.1
크로크무슈,73.0
뼈다귀해장국,74.6
치즈 폭탄 피자(L),75.08
벨지안 멜팅 가나슈,76.0
쇠갈비구이,77.73
바비큐 치킨 파니니,78.0
치킨샘플러,79.0
생크림 피칸 타르트,80.0
스트로베리 초콜릿 생크림 파티팩,84.0
돼지갈비구이,84.72
전주불백피자R,85.0
쇠고기수육,85.29
롱치즈스틱 2ea,85.58
순살치킨,88.0
닭구이,89.1
티라미수 파티팩,90.0
바비큐폭립,94.0
연포탕,94.9
삼계탕,96.09
매운닭 set box,96.8
오븐구이치킨,97.0
구운닭 단품,101.62
치즈국물떡볶이,102.0
안동찜닭,114.2
전주불백피자L,116.0
시즌배터 양념 포테이토,122.67
요거트빙수,123.0
반반한닭 단품,127.49
오리지날 팥빙수,130.0
반반한닭 set box,148.54
윙봉 치킨 박스,148.8
매운닭 단품,153.36
오븐구이통닭,170.0
